613,http://m.17dm.com/wangzhe/manhua/132273.html,jpg,http://img.17dm.com/wangzhe/manhua/613/,18
612,http://m.17dm.com/wangzhe/manhua/132229.html,jpg,http://img.17dm.com/wangzhe/manhua/612/,18
611,http://m.17dm.com/wangzhe/manhua/132189.html,jpg,http://img.17dm.com/wangzhe/manhua/611/,17
610,http://m.17dm.com/wangzhe/manhua/132182.html,jpg,http://img.17dm.com/wangzhe/manhua/610/,18
609,http://m.17dm.com/wangzhe/manhua/132164.html,jpg,http://img.17dm.com/wangzhe/manhua/609/,18
608,http://m.17dm.com/wangzhe/manhua/132150.html,jpg,http://img.17dm.com/wangzhe/manhua/608/,18
607,http://m.17dm.com/wangzhe/manhua/132118.html,jpg,http://img.17dm.com/wangzhe/manhua/607/,20
606,http://m.17dm.com/wangzhe/manhua/132115.html,jpg,http://img.17dm.com/wangzhe/manhua/606/,17
605,http://m.17dm.com/wangzhe/manhua/132076.html,jpg,http://img.17dm.com/wangzhe/manhua/605/,16
604,http://m.17dm.com/wangzhe/manhua/132071.html,jpg,http://img.17dm.com/wangzhe/manhua/604/,17
603,http://m.17dm.com/wangzhe/manhua/132045.html,jpg,http://img.17dm.com/wangzhe/manhua/603/,17
602,http://m.17dm.com/wangzhe/manhua/132031.html,jpg,http://img.17dm.com/wangzhe/manhua/602/,17
601,http://m.17dm.com/wangzhe/manhua/132023.html,jpg,http://img.17dm.com/wangzhe/manhua/601/,20
600,http://m.17dm.com/wangzhe/manhua/131991.html,jpg,http://img.17dm.com/wangzhe/manhua/600/,18
599,http://m.17dm.com/wangzhe/manhua/131971.html,jpg,http://img.17dm.com/wangzhe/manhua/599/,16
598,http://m.17dm.com/wangzhe/manhua/131951.html,jpg,http://img.17dm.com/wangzhe/manhua/598/,20
597,http://m.17dm.com/wangzhe/manhua/131906.html,jpg,http://img.17dm.com/wangzhe/manhua/597/,17
596,http://m.17dm.com/wangzhe/manhua/131883.html,jpg,http://img.17dm.com/wangzhe/manhua/596/,18
595,http://m.17dm.com/wangzhe/manhua/131847.html,jpg,http://img.17dm.com/wangzhe/manhua/595/,19
594,http://m.17dm.com/wangzhe/manhua/131799.html,jpg,http://img.17dm.com/wangzhe/manhua/594/,18
593,http://m.17dm.com/wangzhe/manhua/131764.html,jpg,http://img.17dm.com/wangzhe/manhua/593/,18
592,http://m.17dm.com/wangzhe/manhua/131737.html,jpg,http://img.17dm.com/wangzhe/manhua/592/,20
591,http://m.17dm.com/wangzhe/manhua/131633.html,jpg,http://img.17dm.com/wangzhe/manhua/591/,19
590,http://m.17dm.com/wangzhe/manhua/131593.html,jpg,http://img.17dm.com/wangzhe/manhua/590/,19
589,http://m.17dm.com/wangzhe/manhua/131575.html,jpg,http://img.17dm.com/wangzhe/manhua/589/,18
588,http://m.17dm.com/wangzhe/manhua/131548.html,jpg,http://img.17dm.com/wangzhe/manhua/588/,19
587,http://m.17dm.com/wangzhe/manhua/131506.html,jpg,http://img.17dm.com/wangzhe/manhua/587/,19
586,http://m.17dm.com/wangzhe/manhua/131475.html,jpg,http://img.17dm.com/wangzhe/manhua/586/,18
585,http://m.17dm.com/wangzhe/manhua/131413.html,jpg,http://img.17dm.com/wangzhe/manhua/585/,18
584,http://m.17dm.com/wangzhe/manhua/131373.html,jpg,http://img.17dm.com/wangzhe/manhua/584/,18
583,http://m.17dm.com/wangzhe/manhua/131330.html,jpg,http://img.17dm.com/wangzhe/manhua/583/,19
582,http://m.17dm.com/wangzhe/manhua/131298.html,jpg,http://img.17dm.com/wangzhe/manhua/582/,17
581,http://m.17dm.com/wangzhe/manhua/130812.html,jpg,http://img.17dm.com/wangzhe/manhua/581/,18
580,http://m.17dm.com/wangzhe/manhua/130727.html,jpg,http://img.17dm.com/wangzhe/manhua/580/,17
579,http://m.17dm.com/wangzhe/manhua/130695.html,jpg,http://img.17dm.com/wangzhe/manhua/579/,17
578,http://m.17dm.com/wangzhe/manhua/130403.html,jpg,http://img.17dm.com/wangzhe/manhua/578/,18
577,http://m.17dm.com/wangzhe/manhua/130363.html,jpg,http://img.17dm.com/wangzhe/manhua/577/,19
576,http://m.17dm.com/wangzhe/manhua/130246.html,jpg,http://img.17dm.com/wangzhe/manhua/576/,17
575,http://m.17dm.com/wangzhe/manhua/130149.html,jpg,http://img.17dm.com/wangzhe/manhua/575/,17
574,http://m.17dm.com/wangzhe/manhua/129763.html,jpg,http://img.17dm.com/wangzhe/manhua/574/,17
573,http://m.17dm.com/wangzhe/manhua/129726.html,jpg,http://img.17dm.com/wangzhe/manhua/573/,19
572,http://m.17dm.com/wangzhe/manhua/129696.html,jpg,http://img.17dm.com/wangzhe/manhua/572gr/,18
571,http://m.17dm.com/wangzhe/manhua/129521.html,jpg,http://img.17dm.com/wangzhe/manhua/571/,17
570,http://m.17dm.com/wangzhe/manhua/129471.html,jpg,http://img.17dm.com/wangzhe/manhua/570/,16
569,http://m.17dm.com/wangzhe/manhua/129452.html,jpg,http://img.17dm.com/wangzhe/manhua/569/,19
568,http://m.17dm.com/wangzhe/manhua/129411.html,jpg,http://img.17dm.com/wangzhe/manhua/568/,18
567,http://m.17dm.com/wangzhe/manhua/129282.html,jpg,http://img.17dm.com/wangzhe/manhua/567/,17
566,http://m.17dm.com/wangzhe/manhua/129204.html,jpg,http://img.17dm.com/wangzhe/manhua/566/,19
565,http://m.17dm.com/wangzhe/manhua/129177.html,jpg,http://img.17dm.com/wangzhe/manhua/565/,17
564,http://m.17dm.com/wangzhe/manhua/129107.html,jpg,http://img.17dm.com/wangzhe/manhua/564/,18
563,http://m.17dm.com/wangzhe/manhua/128957.html,jpg,http://img.17dm.com/wangzhe/manhua/563/,18
562,http://m.17dm.com/wangzhe/manhua/128782.html,jpg,http://img.17dm.com/wangzhe/manhua/562/,16
561,http://m.17dm.com/wangzhe/manhua/128606.html,jpg,http://img.17dm.com/wangzhe/manhua/561gr/,16
560,http://m.17dm.com/wangzhe/manhua/128458.html,jpg,http://img.17dm.com/wangzhe/manhua/560/,19
559,http://m.17dm.com/wangzhe/manhua/128457.html,png,http://img.17dm.com/wangzhe/manhua/559/,17
558,http://m.17dm.com/wangzhe/manhua/128456.html,jpg,http://img.17dm.com/wangzhe/manhua/558/,19
557,http://m.17dm.com/wangzhe/manhua/128366.html,jpg,http://img.17dm.com/wangzhe/manhua/557gr/,18
556,http://m.17dm.com/wangzhe/manhua/128320.html,jpg,http://img.17dm.com/wangzhe/manhua/556/,18
555,http://m.17dm.com/wangzhe/manhua/128288.html,jpg,http://img.17dm.com/wangzhe/manhua/555/,21
554,http://m.17dm.com/wangzhe/manhua/128216.html,jpg,http://img.17dm.com/wangzhe/manhua/554gr/,18
553,http://m.17dm.com/wangzhe/manhua/128191.html,jpg,http://img.17dm.com/wangzhe/manhua/553/,16
552,http://m.17dm.com/wangzhe/manhua/127879.html,jpg,http://img.17dm.com/wangzhe/manhua/552/,18
551,http://m.17dm.com/wangzhe/manhua/127861.html,jpg,http://img.17dm.com/wangzhe/manhua/551/,18
550,http://m.17dm.com/wangzhe/manhua/127813.html,jpg,http://img.17dm.com/wangzhe/manhua/550gr/,18
549,http://m.17dm.com/wangzhe/manhua/127780.html,jpg,http://img.17dm.com/wangzhe/manhua/549/,17
548,http://m.17dm.com/wangzhe/manhua/127761.html,jpg,http://img.17dm.com/wangzhe/manhua/548gr/,18
547,http://m.17dm.com/wangzhe/manhua/127732.html,jpg,http://img.17dm.com/wangzhe/manhua/547gr/,19
546,http://m.17dm.com/wangzhe/manhua/127682.html,jpg,http://img.17dm.com/wangzhe/manhua/546hh/,18
545,http://m.17dm.com/wangzhe/manhua/127640.html,jpg,http://img.17dm.com/wangzhe/manhua/545hh/,18
544,http://m.17dm.com/wangzhe/manhua/127620.html,jpg,http://img.17dm.com/wangzhe/manhua/544/,19
543,http://m.17dm.com/wangzhe/manhua/127572.html,jpg,http://img.17dm.com/wangzhe/manhua/543gr/,16
542,http://m.17dm.com/wangzhe/manhua/127551.html,jpg,http://img.17dm.com/wangzhe/manhua/542/,20
541,http://m.17dm.com/wangzhe/manhua/127540.html,jpg,http://img.17dm.com/wangzhe/manhua/541/,18
540,http://m.17dm.com/wangzhe/manhua/127515.html,jpg,http://img.17dm.com/wangzhe/manhua/540/,18
539,http://m.17dm.com/wangzhe/manhua/127466.html,jpg,http://img.17dm.com/wangzhe/manhua/539/,17
538,http://m.17dm.com/wangzhe/manhua/127430.html,jpg,http://img.17dm.com/wangzhe/manhua/538/,17
537,http://m.17dm.com/wangzhe/manhua/127405.html,jpg,http://img.17dm.com/wangzhe/manhua/537/,17
536,http://m.17dm.com/wangzhe/manhua/127355.html,jpg,http://img.17dm.com/wangzhe/manhua/536/,20
535,http://m.17dm.com/wangzhe/manhua/127333.html,jpg,http://img.17dm.com/wangzhe/manhua/535gr/,18
李牧与庆舍短篇,http://m.17dm.com/wangzhe/manhua/127331.html,jpg,http://img.17dm.com/wangzhe/manhua/limuyuqingshe/,3
534,http://m.17dm.com/wangzhe/manhua/127238.html,jpg,http://img.17dm.com/wangzhe/manhua/534/,19
533,http://m.17dm.com/wangzhe/manhua/127203.html,jpg,http://img.17dm.com/wangzhe/manhua/533/,19
532,http://m.17dm.com/wangzhe/manhua/127111.html,jpg,http://img.17dm.com/wangzhe/manhua/532gr/,18
531,http://m.17dm.com/wangzhe/manhua/127083.html,jpg,http://img.17dm.com/wangzhe/manhua/531/,17
530,http://m.17dm.com/wangzhe/manhua/127040.html,jpg,http://img.17dm.com/wangzhe/manhua/530/,17
529,http://m.17dm.com/wangzhe/manhua/127000.html,jpg,http://img.17dm.com/wangzhe/manhua/529sk/,17
528,http://m.17dm.com/wangzhe/manhua/126973.html,jpg,http://img.17dm.com/wangzhe/manhua/528/,17
527,http://m.17dm.com/wangzhe/manhua/126948.html,jpg,http://img.17dm.com/wangzhe/manhua/527/,17
526,http://m.17dm.com/wangzhe/manhua/126856.html,jpg,http://img.17dm.com/wangzhe/manhua/526/,18
525,http://m.17dm.com/wangzhe/manhua/126784.html,jpg,http://img.17dm.com/wangzhe/manhua/525/,17
524,http://m.17dm.com/wangzhe/manhua/126740.html,jpg,http://img.17dm.com/wangzhe/manhua/524gr/,19
523,http://m.17dm.com/wangzhe/manhua/126679.html,jpg,http://img.17dm.com/wangzhe/manhua/523/,17
522,http://m.17dm.com/wangzhe/manhua/126636.html,jpg,http://img.17dm.com/wangzhe/manhua/522gr/,17
521,http://m.17dm.com/wangzhe/manhua/126598.html,jpg,http://img.17dm.com/wangzhe/manhua/521/,16
520,http://m.17dm.com/wangzhe/manhua/126553.html,jpg,http://img.17dm.com/wangzhe/manhua/520/,17
519,http://m.17dm.com/wangzhe/manhua/126502.html,jpg,http://img.17dm.com/wangzhe/manhua/519gr/,16
518,http://m.17dm.com/wangzhe/manhua/126458.html,jpg,http://img.17dm.com/wangzhe/manhua/518gr/,17
517,http://m.17dm.com/wangzhe/manhua/126418.html,jpg,http://img.17dm.com/wangzhe/manhua/517/,19
516,http://m.17dm.com/wangzhe/manhua/126331.html,jpg,http://img.17dm.com/wangzhe/manhua/516gr/,17
515,http://m.17dm.com/wangzhe/manhua/126196.html,png,http://img.17dm.com/wangzhe/manhua/515/,18
514,http://m.17dm.com/wangzhe/manhua/126134.html,jpg,http://img.17dm.com/wangzhe/manhua/514/,18
513,http://m.17dm.com/wangzhe/manhua/125987.html,jpg,http://img.17dm.com/wangzhe/manhua/513/,19
512,http://m.17dm.com/wangzhe/manhua/125897.html,jpg,http://img.17dm.com/wangzhe/manhua/512/,21
511,http://m.17dm.com/wangzhe/manhua/125447.html,png,http://img.17dm.com/wangzhe/manhua/511/,18
510,http://m.17dm.com/wangzhe/manhua/124592.html,png,http://img.17dm.com/wangzhe/manhua/510/,18
509,http://m.17dm.com/wangzhe/manhua/124316.html,png,http://img.17dm.com/wangzhe/manhua/509/,17
508,http://m.17dm.com/wangzhe/manhua/124262.html,png,http://img.17dm.com/wangzhe/manhua/508/,18
507,http://m.17dm.com/wangzhe/manhua/123037.html,png,http://img.17dm.com/wangzhe/manhua/507/,17
506,http://m.17dm.com/wangzhe/manhua/121884.html,png,http://img.17dm.com/wangzhe/manhua/506/,18
505,http://m.17dm.com/wangzhe/manhua/121853.html,jpg,http://img.17dm.com/wangzhe/manhua/505/,18
504,http://m.17dm.com/wangzhe/manhua/121829.html,jpg,http://img.17dm.com/wangzhe/manhua/504/,16
503,http://m.17dm.com/wangzhe/manhua/121813.html,jpg,http://img.17dm.com/wangzhe/manhua/503/,16
502,http://m.17dm.com/wangzhe/manhua/121287.html,jpg,http://img.17dm.com/wangzhe/manhua/502/,18
501,http://m.17dm.com/wangzhe/manhua/121033.html,png,http://img.17dm.com/wangzhe/manhua/501/,17
500,http://m.17dm.com/wangzhe/manhua/120859.html,png,http://img.17dm.com/wangzhe/manhua/500/,17
499,http://m.17dm.com/wangzhe/manhua/119354.html,png,http://img.17dm.com/wangzhe/manhua/499/,19
498,http://m.17dm.com/wangzhe/manhua/118712.html,jpg,http://img.17dm.com/wangzhe/manhua/498/,16
497,http://m.17dm.com/wangzhe/manhua/118696.html,jpg,http://img.17dm.com/wangzhe/manhua/497/,18
496,http://m.17dm.com/wangzhe/manhua/118359.html,jpg,http://img.17dm.com/wangzhe/manhua/496/,17
495,http://m.17dm.com/wangzhe/manhua/118342.html,jpg,http://img.17dm.com/wangzhe/manhua/495/,18
494,http://m.17dm.com/wangzhe/manhua/118341.html,png,http://img.17dm.com/wangzhe/manhua/494/,18
493,http://m.17dm.com/wangzhe/manhua/118251.html,png,http://img.17dm.com/wangzhe/manhua/493/,18
492,http://m.17dm.com/wangzhe/manhua/118234.html,jpg,http://img.17dm.com/wangzhe/manhua/492/,19
491,http://m.17dm.com/wangzhe/manhua/118225.html,jpg,http://img.17dm.com/wangzhe/manhua/491/,18
490,http://m.17dm.com/wangzhe/manhua/118214.html,png,http://img.17dm.com/wangzhe/manhua/490/,19
489,http://m.17dm.com/wangzhe/manhua/118161.html,jpg,http://img.17dm.com/wangzhe/manhua/489/,18
488,http://m.17dm.com/wangzhe/manhua/118142.html,jpg,http://img.17dm.com/wangzhe/manhua/488/,20
487,http://m.17dm.com/wangzhe/manhua/118129.html,png,http://img.17dm.com/wangzhe/manhua/487/,17
486,http://m.17dm.com/wangzhe/manhua/118115.html,jpg,http://img.17dm.com/wangzhe/manhua/486/,17
485,http://m.17dm.com/wangzhe/manhua/118096.html,png,http://img.17dm.com/wangzhe/manhua/485/,18
484,http://m.17dm.com/wangzhe/manhua/118077.html,jpg,http://img.17dm.com/wangzhe/manhua/484/,19
483,http://m.17dm.com/wangzhe/manhua/118063.html,jpg,http://img.17dm.com/wangzhe/manhua/483/,15
482,http://m.17dm.com/wangzhe/manhua/118045.html,png,http://img.17dm.com/wangzhe/manhua/482/,18
481,http://m.17dm.com/wangzhe/manhua/118024.html,jpg,http://img.17dm.com/wangzhe/manhua/481/,18
480,http://m.17dm.com/wangzhe/manhua/118000.html,png,http://img.17dm.com/wangzhe/manhua/480/,19
479,http://m.17dm.com/wangzhe/manhua/117951.html,jpg,http://img.17dm.com/wangzhe/manhua/479/,18
478,http://m.17dm.com/wangzhe/manhua/117833.html,png,http://img.17dm.com/wangzhe/manhua/478/,18
477,http://m.17dm.com/wangzhe/manhua/117812.html,jpg,http://img.17dm.com/wangzhe/manhua/477/,20
476,http://m.17dm.com/wangzhe/manhua/117769.html,jpg,http://img.17dm.com/wangzhe/manhua/476/,19
475,http://m.17dm.com/wangzhe/manhua/117751.html,jpg,http://img.17dm.com/wangzhe/manhua/475/,22
474,http://m.17dm.com/wangzhe/manhua/117727.html,jpg,http://img.17dm.com/wangzhe/manhua/474/,19
473,http://m.17dm.com/wangzhe/manhua/117704.html,jpg,http://img.17dm.com/wangzhe/manhua/473/,17
472,http://m.17dm.com/wangzhe/manhua/117675.html,png,http://img.17dm.com/wangzhe/manhua/472/,16
471,http://m.17dm.com/wangzhe/manhua/117660.html,png,http://img.17dm.com/wangzhe/manhua/471/,17
470,http://m.17dm.com/wangzhe/manhua/117651.html,jpg,http://img.17dm.com/wangzhe/manhua/470/,19
469,http://m.17dm.com/wangzhe/manhua/117603.html,jpg,http://img.17dm.com/wangzhe/manhua/469/,18
468,http://m.17dm.com/wangzhe/manhua/117602.html,jpg,http://img.17dm.com/wangzhe/manhua/468/,18
467,http://m.17dm.com/wangzhe/manhua/117546.html,jpg,http://img.17dm.com/wangzhe/manhua/467/,16
466,http://m.17dm.com/wangzhe/manhua/117519.html,jpg,http://img.17dm.com/wangzhe/manhua/466/,17
465,http://m.17dm.com/wangzhe/manhua/117420.html,png,http://img.17dm.com/wangzhe/manhua/465/,17
464,http://m.17dm.com/wangzhe/manhua/117404.html,jpg,http://img.17dm.com/wangzhe/manhua/464/,17
463,http://m.17dm.com/wangzhe/manhua/117378.html,png,http://img.17dm.com/wangzhe/manhua/463/,19
462,http://m.17dm.com/wangzhe/manhua/117339.html,png,http://img.17dm.com/wangzhe/manhua/462/,17
461,http://m.17dm.com/wangzhe/manhua/117312.html,jpg,http://img.17dm.com/wangzhe/manhua/461/,27
460,http://m.17dm.com/wangzhe/manhua/117281.html,jpg,http://img.17dm.com/wangzhe/manhua/460/,17
459,http://m.17dm.com/wangzhe/manhua/117225.html,jpg,http://img.17dm.com/wangzhe/manhua/459/,17
458,http://m.17dm.com/wangzhe/manhua/117182.html,jpg,http://img.17dm.com/wangzhe/manhua/458/,18
457,http://m.17dm.com/wangzhe/manhua/117158.html,jpg,http://img.17dm.com/wangzhe/manhua/457/,17
456,http://m.17dm.com/wangzhe/manhua/117140.html,png,http://img.17dm.com/wangzhe/manhua/456/,17
455,http://m.17dm.com/wangzhe/manhua/117078.html,jpg,http://img.17dm.com/wangzhe/manhua/455/,18
454,http://m.17dm.com/wangzhe/manhua/117066.html,png,http://img.17dm.com/wangzhe/manhua/454/,17
453,http://m.17dm.com/wangzhe/manhua/116970.html,jpg,http://img.17dm.com/wangzhe/manhua/453/,17
452,http://m.17dm.com/wangzhe/manhua/116897.html,jpg,http://img.17dm.com/wangzhe/manhua/452/,18
451,http://m.17dm.com/wangzhe/manhua/116846.html,jpg,http://img.17dm.com/wangzhe/manhua/451/,19
450,http://m.17dm.com/wangzhe/manhua/116831.html,jpg,http://img.17dm.com/wangzhe/manhua/450/,16
449,http://m.17dm.com/wangzhe/manhua/116822.html,jpg,http://img.17dm.com/wangzhe/manhua/449/,19
448,http://m.17dm.com/wangzhe/manhua/116786.html,jpg,http://img.17dm.com/wangzhe/manhua/448/,18
447,http://m.17dm.com/wangzhe/manhua/116713.html,jpg,http://img.17dm.com/wangzhe/manhua/447/,16
446,http://m.17dm.com/wangzhe/manhua/116695.html,jpg,http://img.17dm.com/wangzhe/manhua/446/,19
445,http://m.17dm.com/wangzhe/manhua/116678.html,jpg,http://img.17dm.com/wangzhe/manhua/445/,17
444,http://m.17dm.com/wangzhe/manhua/116632.html,jpg,http://img.17dm.com/wangzhe/manhua/444/,17
443,http://m.17dm.com/wangzhe/manhua/116622.html,jpg,http://img.17dm.com/wangzhe/manhua/443/,17
442,http://m.17dm.com/wangzhe/manhua/116568.html,png,http://img.17dm.com/wangzhe/manhua/442/,17
441,http://m.17dm.com/wangzhe/manhua/116521.html,jpg,http://img.17dm.com/wangzhe/manhua/441/,18
440,http://m.17dm.com/wangzhe/manhua/116492.html,jpg,http://img.17dm.com/wangzhe/manhua/440/,18
439,http://m.17dm.com/wangzhe/manhua/116467.html,jpg,http://img.17dm.com/wangzhe/manhua/439/,16
438,http://m.17dm.com/wangzhe/manhua/116424.html,jpg,http://img.17dm.com/wangzhe/manhua/438/,17
437,http://m.17dm.com/wangzhe/manhua/116418.html,jpg,http://img.17dm.com/wangzhe/manhua/437/,18
436,http://m.17dm.com/wangzhe/manhua/116338.html,jpg,http://img.17dm.com/wangzhe/manhua/436/,20
435,http://m.17dm.com/wangzhe/manhua/116316.html,jpg,http://img.17dm.com/wangzhe/manhua/435/,16
434,http://m.17dm.com/wangzhe/manhua/116279.html,jpg,http://img.17dm.com/wangzhe/manhua/434/,17
